Date,City,Cafe_Name,Coffee_Name,Varietal,Process,Roast_Level,Brew_Method,Dose_g,Yield_g,Ratio,Bloom,Grinder,Price_Local,Official_Notes,Your_Verdict,Technical_Enrichment
2026-01-03,"Ubud, Bali",Seniman Coffee Studio,Bali Karana Kintamanis,Unknown,Natural,Light,Filter,Unknown,Unknown,Unknown,Unknown,Unknown,Unknown,Clean citrus; floral,Excellent clarity for a natural process; clean citrus and floral notes.,Natural processing contributed mild fruit-forward esters with relatively clean finish; foundational exposure to local Indonesian origins.
2026-01-04,"Ubud, Bali",Seniman Coffee Studio,Sulawesi Toraja,Unknown,Wet-Hulled,Medium,Pour-over,Unknown,Unknown,Unknown,Unknown,Unknown,Unknown,Cocoa; earthy structures,Heavy body with rich cocoa and earthy notes; low acidity; dense mouthfeel.,Classic Giling Basah wet-hulled process emphasized earthy compounds and syrupy mouthfeel; structural density confirmed.
2026-01-04,"Ubud, Bali",Seniman Coffee Studio,House Blend,Unknown,Unknown,Espresso Roast,Piccolo,Unknown,Unknown,Unknown,Unknown,Unknown,Unknown,Balanced,Great milk integration; standard espresso + milk calibration.,Baseline milk pairing; milk fats softened acidity and amplified sweetness and body.
2026-02-10,Singapore,Kyuukei Coffee,Kenya Kiamugumo AA,SL28 / SL34,Washed,Unknown,Pour-over (Flat-Bottom),15,240,1:16,Unknown,120mm Hybrid Burr,Unknown,Unknown,Excellent baseline for clarity; high clarity phosphoric acidity with distinct blackcurrant notes.,120mm hybrid burrs and flat-bottom geometry reinforced clarity; Kenyan washed profile emphasized structured phosphoric acidity and blackcurrant.
2026-03-01,Mumbai,Subko Coffee Roasters,Project Pearl Ratnagiri,Unknown,Anaerobic Natural,Light (Agtron 89),Filter,Unknown,Unknown,Unknown,Unknown,Unknown,Unknown,Unknown,Clean and balanced; interesting but restrained anaerobic expression.,Very light roast (Agtron 89) suppressed ester development despite anaerobic process; muted expected fermented intensity.
2026-03-08,Mumbai,Grey Soul Coffee Roasters,Raspberry in Loop - Zoya Estate,Unknown,Multi-stage Anaerobic,Medium,Filter,Unknown,Unknown,Unknown,Unknown,Unknown,Unknown,Chocolate,Heavy body; over-smoothed expression muted brightness and terroir.,Higher development in medium roast reduced aggressive fruit acidity; heavy multi-stage fermentation suppressed terroir expression.
2026-03-18,Singapore,Narrative Coffee Stand,Finca La Siberia,Pacamara,Natural,Light,Pour-over,Unknown,Unknown,Unknown,Unknown,Unknown,Unknown,Unknown,Stewed apples; Apricot; Pu'er tea — Aanya's first specialty filter experience.,Natural Pacamara generated beginner-friendly fruit esters and approachable sweetness; large Pacamara bean size aided even extraction.
2026-03-18,Singapore,Narrative Coffee Stand,El Puente,Catuai,Washed,Medium-Light,Espresso,Unknown,Unknown,Unknown,Unknown,Unknown,Unknown,Unknown,Black cherry; Apricot; Pecan — ordered for espresso contrast.,Washed Central American espresso balanced nutty sweetness and fruit acidity; Catuai's consistent cell structure aided uniform extraction.
2026-03-18,Singapore,ASK Coffee Roastery,Honduras Masaguara (S13),Catuai / Caturra,Washed Co-Ferment,Light,Pour-over,Unknown,Unknown,Unknown,Unknown,Unknown,15.00,Lychee; Brandy; Honeydew; Milk Chocolate,Premium but memorable; highly complex tropical profile.,Co-fermentation amplified tropical ester complexity; co-ferment substrates introduced lychee lactones and brandy-like ethyl esters.
2026-03-18,Singapore,ASK Coffee Roastery,House Blend,Unknown,Unknown,Unknown,Magic (Ristretto Milk),Unknown,Unknown,Unknown,Unknown,Unknown,Unknown,Unknown,Contrast milk calibration; excellent concentrated cocoa expression.,Ristretto milk extraction increased sweetness density and concentrated cocoa compounds through reduced water content.
2026-03-22,Singapore,Apartment Coffee,Colombia Don Gallego - Wush Wush,Wush Wush,Washed,Light,Pour-over (Flat-Bottom),Unknown,Unknown,1:17,Unknown,Unknown,Unknown,Tea-like,Incredible tea-like clarity; transparent floral expression.,Lean 1:17 ratio maximized aromatic separation; Wush Wush's Ethiopian-lineage genetics produced delicate phenolic and floral complexity.
2026-03-24,Singapore,Kyuukei Coffee,Kenya Ndiaini AA,SL28 / SL34 / Ruiru 11,Washed,Unknown,Pour-over,Unknown,Unknown,Unknown,Unknown,Unknown,9.00,Redcurrant; Elderflower; Lemon; Apricot,Acidic and interesting; well balanced; high clarity.,Ruiru 11 introduced structural body alongside classic SL28/SL34 brightness; further Kenyan terroir depth confirmed.
2026-03-25,Singapore,Agora Coffee,Nicaragua Matagalpa - Finca La Virgen,Unknown,Fully Washed,Espresso Roast,Flat White,Unknown,Unknown,Unknown,Unknown,Unknown,Unknown,Caramel; Chocolate; Red Apple,Solid milk beverage; clean apple acidity preserved in milk integration.,Fully washed Central American profile preserved clean malic acidity in milk; espresso roast development amplified caramel Maillard notes.
2026-03-27,Singapore,Agora Coffee,Ethiopia Yirgacheffe Beloya,Heirloom,Natural,Filter Roast,V60,15,220,1:14.6,Unknown,Mahlkönig EK43,Unknown,Blackcurrant; Strawberry; White Floral,"Bright, floral, and distinct strawberry; classic natural Ethiopian profile.",EK43 98mm flat burrs reduced fines and preserved clarity despite natural processing; 1:14.6 ratio retained fruity body.
2026-03-28,Singapore,Tiong Hoe Specialty Coffee,Brazil Mogiana,Unknown,Natural,Medium,Pour-over,15,225,1:15,Unknown,Unknown,8.00,Red Dates; Chocolates; Honey,Chocolate-heavy and satisfying; classic dense Brazilian profile.,Tighter 1:15 ratio increased body and amplified Maillard-derived caramel sweetness; medium roast caramelized sugars without losing origin character.
2026-03-28,Singapore,Tiong Hoe Specialty Coffee,Smoky Quartz Blend,Unknown,Unknown,Unknown,Piccolo Latte,Unknown,Unknown,Unknown,Unknown,Unknown,5.10,Dark Chocolates; Hazelnut; Smoky,Strong milk side calibration; excellent concentrated cocoa expression.,Low milk volume in piccolo format concentrated cocoa and hazelnut compounds; cross-origin blend leveraged Indian robusta structural density.
2026-03-29,Singapore,Asylum Coffeehouse,Peru Cajamarca Gesha (Iced),Gesha,Washed,Medium,Iced Pour-over,15,240,1:16,Unknown,Option-O Lagom P64,11.00,Jasmine; Caramel; Lime; Cacao Nibs,Super floral and elegant; flash-chilled expression of Gesha purity.,Flash-chilled extraction via Option-O Lagom P64 preserved volatile floral monoterpenes (linalool); cold dilution stabilized aromatic compounds.
2026-04-01,Singapore,Maxi Coffee Bar,La Laja,Sudan Rume,Washed,Light,Pour-over (Flat-Bottom),15,230,1:15.3,Unknown,FM Grinder 120mm Flat Burr / Timemore Sculptor 078,9.00,Raspberry; Nectarine; Floral,Nectarine and raspberry extremely clear; barista sophistication superb; technical milestone.,120mm flat burr geometry maximized uniform particle distribution; flat-bottom brewer enhanced sweetness while preserving Sudan Rume's rare genetic clarity.
2026-04-01,Singapore,Lume Café,Corpachi Panama Geisha,Geisha,Red Honey,Filter Roast,V60,Unknown,Unknown,1:15,Unknown,Mahlkönig EK43,12.00,Mandarin Candy; Jasmine; Apricot,Clearly perceived apricot and structured sweetness.,Dual-temperature extraction balanced aromatics and body in honey-process Geisha; red honey partial mucilage retention amplified structured sweetness.
2026-04-05,Singapore,Asylum Coffeehouse,Castillo Watermelon (Jairo Arcila),Castillo,Washed Co-Ferment (Watermelon Anaerobic),Unknown,Pour-over (V60),15,225,1:15,Unknown,Mahlkönig EK43,12.50,Watermelon; Mint; Lime; Chocolate,Distinct fruit-forward expression; sweetness layered rather than sharp; experimental but controlled.,Watermelon co-fermentation enhanced volatile ester complexity; dual-temperature extraction preserved layered aromatic architecture.
2026-04-05,Singapore,Asylum Coffeehouse,Peru Gesha (Wilder Garcia),Gesha,Washed,Filter Roast,Pour-over (V60),15,225,1:15,Unknown,Mahlkönig EK43,12.50,Jasmine; Caramel; Lime; Cacao Nibs,"Clean, structured, high-clarity cup; apricot-like sweetness and excellent structure.",Dual-temperature extraction engineered aromatic separation and body control; Gesha genetics delivered intrinsic phenolic complexity with minimal processing interference.
2026-04-08,Singapore,Maxi Coffee Bar,La Villa #1,Papayo,Natural,Unknown,Pour-over (Flat-Bottom),15,225,1:15,Unknown,Timemore Sculptor 078,9.00,Stewed Forest Berries; Grape; Black Forest Cake,Dense fruit profile with rounded sweetness.,Flat-bottom geometry and tight 1:15 ratio emphasized body; Papayo varietal's high sugar content amplified by natural processing into rich fruit-cake profile.
2026-04-18,Johor Bahru,Unknown,Hacienda La Florida,Typica Mejorado,Anaerobic Washed,Unknown,Origami (Conical),18,277,1:15.4,42g / 30s (1:2.3),Mahlkönig EK Omnia,35.00,Lemon verbena; Red plum; Citronella; Hibiscus,"Excellent. Lime when hot, distinct plum as it cooled.",EK Omnia precision grind and Origami conical drove extreme clarity; thermal phase shift perfectly isolated citric-to-malic acid transition (lime → plum).
2026-04-24,Singapore,Agora Coffee,Brazil Santuário Sul,Unknown,Natural Fermentation,Light-Medium,V60,16,224,1:14,Unknown,Mahlkönig EK43,Unknown,Blackcurrant; Black Cherry; Dark Chocolate,Full body; prominent blackcurrant; clear chocolaty finish.,Tight 1:14 ratio engineered maximum body; EK43 98mm burrs maintained clarity to keep fermented natural fruit clean and non-bitter.
2026-05-06,Singapore,Nylon Coffee Roasters,Brazil FAF Organic,Arara,Natural,Filter Roast,xBloom (Flat-Bottom),Unknown,Unknown,1:17,Unknown,Mahlkönig EK Omnia,7.50,Red Apple; Cherry; Raisin; Milk Chocolate,"Solid body with crisp green apple (malic) front, resolving into smooth milk chocolate finish.",High-quality Arara natural processing yielded excellent structural body while maintaining crisp malic acidity; xBloom flat-bottom avoided heavy fermentation mud.
2026-05-06,Singapore,Nylon Coffee Roasters,Brazil Serra dos Ciganos,Catucai 24/137,Natural,Espresso Roast,Flat White,Unknown,Unknown,Unknown,Unknown,Unknown,Unknown,Sultana; Dried Apricot; Praline; Roasted Hazelnut,Good cup with pleasant lingering sweet aftertaste.,"Milk fats bound perfectly with natural processed espresso; Catucai 24/137 high-density bean structure created long, comforting finish."
2026-05-07,Singapore,Nylon Coffee Roasters,Ethiopia Banko Gotiti,Heirloom,Washed,Filter Roast,xBloom (Flat-Bottom),Unknown,Unknown,1:17,Unknown,Mahlkönig EK Omnia,8.50,Lemonade; Raspberry; Peach; Bergamot,"Lemon front, heavy melon mid-cup, fading into clean white tea finish.",1:17 lean ratio isolated volatile citric acids; xBloom flat-bottom geometry stabilized mid-cup sugars before clean tannin-forward white tea finish.
2026-05-07,Singapore,Nylon Coffee Roasters,Nicaragua Buena Vista,Parainema,Natural Anaerobic,Espresso Roast,Single Espresso,Unknown,Unknown,~1:2,Unknown,Unknown,Unknown,Chiku; Stewed Cherry; Dried Apricot; Brazil Nut,"Thick, syrupy body. Highly fermented, savory/not sweet, very long lingering finish.",Anaerobic fermentation metabolized sugars into complex savory esters; 9-bar pressure emulsification drove heavy oil-based viscosity and extended aftertaste.
2026-06-10,Singapore,Nylon Coffee Roasters,Colombia Juan Martin,Red Striped Bourbon,Washed,Filter Roast,xBloom (Flat-Bottom),Unknown,Unknown,1:17,Unknown,Mahlkönig EK Omnia (98mm Flat Burr),7.5,"Berry, Red Plum, Nectarine, Orange Tea",Orange-type aromatic afterfeel when hot — bright and encapsulating. Clearly fruity character throughout. Mellows cleanly as it cools; sugars emerge distinctly at mid-cool phase. Nice and light overall — 1:17 lean ratio working well on this varietal.,"EK Omnia 98mm flat burrs + xBloom flat-bottom geometry maintained body integrity at 1:17 lean ratio. Retail bag on shelf dated 10 Jun 2026 but filter batch roast date unconfirmed — cup behaviour (clean sugar emergence, well-integrated stone fruit at cool phase) is consistent with a properly rested lot of 10–21 days post-roast. Red Striped Bourbon sucrose density confirmed by clean sweetness at cool phase."
2026-06-13,Singapore,Kurasu,Rwanda Nkara Soil Project Lot 1204,Red Bourbon,Fully Washed,Filter Roast,V60 Pour-over (Conical),Unknown,Unknown,Unknown,Unknown,Mahlkönig EK43 (98mm Flat Burr),9.27,"Floral aroma, taste of mandarin orange, baked apple and grapefruit, brown sugar-like sweetness and accompanying aftertaste",Strong aftertaste with slight bitterness noted. Baked apple taste dominates and persists across all phases. Sugars emerge clearly on cooling — brown sugar sweetness confirmed at cool phase. Rated average. Rwanda Nkara terroir pushes more citrus-floral (mandarin/grapefruit) vs prior Rwanda entry at Twenty Grams (Entry #024) which was peach/stone fruit dominant.,EK43 98mm flat burrs paired with conical V60 geometry — key hardware distinction vs prior Kurasu Frinsa entry. V60 conical creates faster flow rate and higher bypass risk vs flat-bottom; the slight bitterness is consistent with conical geometry allowing fine particles to over-extract at the drain. Washed Red Bourbon at altitude delivers classic Rwandan citric-malic duality (mandarin + baked apple). Baked apple dominance = malic acid thermally stabilised — persists across full thermal arc unlike volatile citric top notes which fade. Brown sugar aftertaste is sucrose retention signature of Red Bourbon genetics.
2026-06-14,Singapore,Keryi Coffee,Colombia Finca La Esmaralda,Gesha,Honey,Light Roast,Hario Switch (Immersion/Percolation Hybrid),15,210,1:14,60g (~4:1),Ditting 98mm flat burr,15,"Citrus, white florals, lychee, sugar-cane sweetness","Smooth body throughout. Lychee & white florals lead in the hot phase — fragile linalool terpenes survived the tight 1:14 concentration. Citrus surfaces mid-cool as perceived sweetness rises; honey-derived sweetness rounds the cool-phase finish into progressive smoothness. Rated highly — a fine, relaxing Gesha. Clarity held; upper Gesha tier (cf. El Obraje washed favourite, Hiu Los Lajones honey Panama).","Ditting 98mm flat burrs deliver lab-grade narrow particle distribution with minimal fines — the key variable licensing an aggressive 1:14 ratio without astringency. Descending pour (91°C bloom/first pour → 78°C final) uses temperature as a brake on the extraction tail: high heat early extracts volatile terpenes, acids & sugars; the cool final pour reaches target volume while suppressing late-stage chlorogenic-acid bitterness. Hario Switch valve-closed immersion develops honey-process mucilage sweetness & body evenly before percolative drain adds finish definition — conical geometry runs against the flat-bottom affinity but suits this process."
